<?xml version="1.0" encoding="UTF-8"?>
<timeseries date="2013-08-23T18:37:16-00:00" version="1.0">
    <tracksource sample-type="Discontinuous Rate" source-url="file:///Users/Shared/ComedyLab/ELAN/ELAN Data Performance 2/Performance 2 BreathingBelts.txt" time-column="0">
        <property key="provider" value="mpi.eudico.client.annotator.timeseries.csv.CSVServiceProvider"/>
        <track derivative="0" name="Audience 01">
            <property key="detect-range" value="false"/>
            <sample-position>
                <pos col="1" row="0"/>
            </sample-position>
            <description/>
            <units/>
            <range max="0.02" min="-0.02"/>
            <color>0,255,0</color>
        </track>
        <track derivative="0" name="Audience 07">
            <property key="detect-range" value="false"/>
            <sample-position>
                <pos col="7" row="0"/>
            </sample-position>
            <description/>
            <units/>
            <range max="0.02" min="-0.02"/>
            <color>0,255,0</color>
        </track>
        <track derivative="0" name="Audience 06">
            <property key="detect-range" value="false"/>
            <sample-position>
                <pos col="6" row="0"/>
            </sample-position>
            <description/>
            <units/>
            <range max="0.02" min="-0.02"/>
            <color>0,255,0</color>
        </track>
        <track derivative="0" name="Audience 03">
            <property key="detect-range" value="false"/>
            <sample-position>
                <pos col="3" row="0"/>
            </sample-position>
            <description/>
            <units/>
            <range max="0.02" min="-0.02"/>
            <color>0,255,0</color>
        </track>
        <track derivative="0" name="Audience 05">
            <property key="detect-range" value="false"/>
            <sample-position>
                <pos col="5" row="0"/>
            </sample-position>
            <description/>
            <units/>
            <range max="0.02" min="-0.02"/>
            <color>0,255,0</color>
        </track>
        <track derivative="0" name="Audience 02">
            <property key="detect-range" value="false"/>
            <sample-position>
                <pos col="2" row="0"/>
            </sample-position>
            <description/>
            <units/>
            <range max="0.02" min="-0.02"/>
            <color>0,255,0</color>
        </track>
        <track derivative="0" name="Audience 04">
            <property key="detect-range" value="false"/>
            <sample-position>
                <pos col="4" row="0"/>
            </sample-position>
            <description/>
            <units/>
            <range max="0.02" min="-0.02"/>
            <color>0,255,0</color>
        </track>
        <track derivative="0" name="Audience 09">
            <property key="detect-range" value="false"/>
            <sample-position>
                <pos col="9" row="0"/>
            </sample-position>
            <description/>
            <units/>
            <range max="0.02" min="-0.02"/>
            <color>0,255,0</color>
        </track>
        <track derivative="0" name="Audience 08">
            <property key="detect-range" value="false"/>
            <sample-position>
                <pos col="8" row="0"/>
            </sample-position>
            <description/>
            <units/>
            <range max="0.02" min="-0.02"/>
            <color>0,255,0</color>
        </track>
    </tracksource>
</timeseries>
