<?xml version="1.0" encoding="UTF-8"?>
<timeseries date="2014-01-06T14:49:30-00:00" version="1.0">
    <tracksource sample-type="Continuous Rate" source-url="file:///Users/Shared/ComedyLab/Stats Exporter/Perf 3 Data/Performance 3 BreathingBelts.txt" time-column="0" time-origin="15476">
        <property key="provider" value="mpi.eudico.client.annotator.timeseries.csv.CSVServiceProvider"/>
        <track derivative="0" name="Audience06">
            <property key="detect-range" value="true"/>
            <sample-position>
                <pos col="6" row="0"/>
            </sample-position>
            <description/>
            <units/>
            <range max="0.05321" min="-0.02433"/>
            <color>0,255,0</color>
        </track>
        <track derivative="0" name="Audience05">
            <property key="detect-range" value="true"/>
            <sample-position>
                <pos col="5" row="0"/>
            </sample-position>
            <description/>
            <units/>
            <range max="0.02959" min="-0.00979"/>
            <color>0,255,0</color>
        </track>
        <track derivative="0" name="Audience04">
            <property key="detect-range" value="true"/>
            <sample-position>
                <pos col="4" row="0"/>
            </sample-position>
            <description/>
            <units/>
            <range max="0.0" min="0.0"/>
            <color>0,255,0</color>
        </track>
        <track derivative="0" name="Audience03">
            <property key="detect-range" value="true"/>
            <sample-position>
                <pos col="3" row="0"/>
            </sample-position>
            <description/>
            <units/>
            <range max="0.04736" min="-0.02502"/>
            <color>0,255,0</color>
        </track>
        <track derivative="0" name="Audience02">
            <property key="detect-range" value="true"/>
            <sample-position>
                <pos col="2" row="0"/>
            </sample-position>
            <description/>
            <units/>
            <range max="0.03396" min="-0.04406"/>
            <color>0,255,0</color>
        </track>
        <track derivative="0" name="Audience01">
            <property key="detect-range" value="true"/>
            <sample-position>
                <pos col="1" row="0"/>
            </sample-position>
            <description/>
            <units/>
            <range max="0.00779" min="-0.00396"/>
            <color>0,255,0</color>
        </track>
    </tracksource>
</timeseries>
